id,Name,Date (UTC),Description,Url,Tax Code
prod_RWYwWvXrmPGMNX,Bronze Stool,2025-01-04 11:46,A stylish and durable stool designed for libraries. Lightweight and easy to move.Perfectforlonghoursofuse.,,txcd_10000000
prod_RWYuUqKoF5ZBZX,Swing Chair,2025-01-04 11:45,A stylish and durable stool designed for libraries. Lightweight and easy to move.Perfectforlonghoursofuse.,,
prod_RWYtodrBP6BEUM,Black Lounge Chair,2025-01-04 11:44,A stylish and durable stool designed for libraries. Lightweight and easy to move.Perfectforlonghoursofuse.,,
prod_RWYsG8l78l5TV9,Upholstered Chair,2025-01-04 11:42,A stylish and durable stool designed for libraries. Lightweight and easy to move.Perfectforlonghoursofuse.,,
prod_RWYrmX1S1VdVwn,Beige Swivel Chair,2025-01-04 11:41,A stylish and durable stool designed for libraries. Lightweight and easy to move.Perfectforlonghoursofuse.,,
prod_RWYqdp5h7cv8Ss,Driftwood Comfort,2025-01-04 11:40,A stylish and durable stool designed for libraries. Lightweight and easy to move.Perfectforlonghoursofuse.,,
prod_RWYnwxs6BAsZ3M,Orange Armchair,2025-01-04 11:38,A stylish and durable stool designed for libraries. Lightweight and easy to move.Perfectforlonghoursofuse.,,
prod_RWYmiWH837XWgm,Pink Velvet Chair,2025-01-04 11:36,A stylish and durable stool designed for libraries. Lightweight and easytomove.Perfectforlonghoursofuse.,,
prod_RWYfJx09wZoUVH,Library Stool Chair,2025-01-04 11:29,A stylish and durable stool designed for libraries. Lightweight and easy to move.Perfectforlonghoursofuse.,,
